{
  "id": "token-health-aura",
  "title": "Token Health Aura",
  "version": "1.1.0",
  "compatibility": {
    "minimum": "12",
    "verified": "12",
    "maximum": "12"
  },
  
  "relationships": {
    "systems": [
      {
        "id": "dnd5e",
        "type": "system",
        "compatibility": {}
      }
    ]
  },
    "esmodules": ["scripts/hpag.js"],
    "styles": ["styles/hpag.css"],
    "languages": [
      {
        "lang": "en",
        "name": "English",
        "path": "languages/en.json"
      }
    ],
  "description": "Tokens life will be dictate an aura around them, based on user configured thresholds,  dynamic opacity options, and other options.",
  "authors": [
    {
      "name": "ieru00",
      "flags": {}
    }
  ],
  "url": "https://github.com/ieru00/fdr-token-hp-aura/",
  "download": "https://github.com/ieru00/fdr-token-hp-aura/raw/refs/heads/main/zipped/TokenHpAura.zip",
  "manifest": "https://raw.githubusercontent.com/ieru00/fdr-token-hp-aura/main/module.json"
}
